{
    "root": {
        "commands": [
            [],
            [],
            [],
            [],
            [],
            []
        ]
    },
    "69204428644_0.908529573846441": {
        "condition": [],
        "commands": [
            [],
            [],
            [],
            [],
            [],
            []
        ]
    },
    "70410702181_0.468241416190202": {
        "condition": [],
        "commands": [
            [],
            [],
            [],
            [],
            [],
            []
        ]
    },
    "70417913372_0.3212557876060289": {
        "condition": [],
        "commands": [
            [
                [
                    10004,
                    {
                        "70419974469_0.39627468900428653": 8
                    },
                    "72136490271_0.15102782456867603"
                ]
            ],
            [],
            [],
            [],
            [],
            []
        ]
    },
    "70425021435_0.5198462297733921": {
        "condition": [],
        "commands": [
            [
                [
                    10004,
                    {
                        "70419974469_0.39627468900428653": 3
                    },
                    "70425071465_0.38899417602073494"
                ]
            ],
            [],
            [],
            [],
            [],
            []
        ]
    },
    "72147231462_0.7733984703158197": {
        "condition": [],
        "commands": [
            [
                [
                    10004,
                    {
                        "70419974469_0.39627468900428653": 15001
                    },
                    "72147323815_0.10608056770333851"
                ]
            ],
            [],
            [],
            [],
            [],
            []
        ]
    }
}