{
    "root": {
        "commands": [
            [],
            [],
            [],
            [],
            [],
            [],
            [],
            [],
            [],
            [],
            [],
            []
        ]
    },
    "63025821283_0.018873310925318076": {
        "condition": [],
        "commands": [
            [],
            [],
            [],
            [],
            [],
            [],
            [],
            [],
            [],
            [],
            [],
            []
        ]
    },
    "63025900032_0.24564953623771313": {
        "condition": [],
        "commands": [
            [],
            [],
            [],
            [],
            [],
            [],
            [],
            [],
            [],
            [],
            [],
            []
        ]
    },
    "63025915824_0.8950659279012769": {
        "condition": [],
        "commands": [
            [],
            [],
            [],
            [],
            [],
            [],
            [],
            [],
            [],
            [],
            [],
            []
        ]
    },
    "63025924647_0.6910989174017845": {
        "condition": [],
        "commands": [
            [],
            [],
            [],
            [],
            [],
            [],
            [],
            [],
            [],
            [],
            [],
            []
        ]
    },
    "63026190480_0.03361408396527121": {
        "condition": [],
        "commands": [
            [],
            [],
            [],
            [],
            [],
            [],
            [],
            [],
            [],
            [],
            [],
            []
        ]
    },
    "72131755426_0.8644237890267001": {
        "condition": [],
        "commands": [
            [],
            [],
            [],
            [],
            [],
            []
        ]
    },
    "72131918836_0.7266383773910396": {
        "condition": [],
        "commands": [
            [
                [
                    10006,
                    {
                        "70577619678_0.3415072005159576": 0
                    },
                    "70585148379_0.9718281577864702"
                ],
                [
                    10005,
                    {
                        "70420035763_0.5177036269479316": 15001
                    },
                    "71544025956_0.8487298589885603"
                ]
            ],
            [],
            [],
            [],
            [],
            []
        ]
    },
    "72132109611_0.13102193991399314": {
        "condition": [],
        "commands": [
            [],
            [],
            [],
            [],
            [],
            []
        ]
    }
}