{
    "root": {
        "commands": [
            [],
            [],
            [],
            [],
            []
        ]
    },
    "69204938503_0.055212415882766264": {
        "condition": [],
        "commands": [
            [],
            [],
            [],
            [],
            []
        ]
    },
    "69205920457_0.4496320685252291": {
        "condition": [],
        "commands": [
            [
                [
                    10004,
                    {
                        "70419974469_0.39627468900428653": 4
                    },
                    "70420357484_0.46924913876571916"
                ]
            ],
            [],
            [],
            [],
            []
        ]
    },
    "69206656526_0.22130029117793293": {
        "condition": [],
        "commands": [
            [],
            [],
            [],
            [],
            []
        ]
    },
    "69206783937_0.18817705437102794": {
        "condition": [],
        "commands": [
            [],
            []
        ]
    },
    "69207124295_0.19357361517020877": {
        "condition": [],
        "commands": [
            [],
            []
        ]
    },
    "69207226380_0.6965890153668006": {
        "condition": [],
        "commands": [
            [],
            []
        ]
    },
    "70340216057_0.35241840734813623": {
        "condition": [],
        "commands": [
            [],
            []
        ]
    },
    "70340266059_0.008384485384317353": {
        "condition": [],
        "commands": [
            [],
            []
        ]
    },
    "70411553857_0.3059030487849195": {
        "condition": [],
        "commands": [
            [],
            [
                [
                    10002,
                    null,
                    "70416353696_0.7553248010317266"
                ]
            ],
            [],
            [],
            []
        ]
    },
    "70423248781_0.6584382112461507": {
        "condition": [],
        "commands": [
            [
                [
                    10004,
                    {
                        "70419974469_0.39627468900428653": 3
                    },
                    "70423313240_0.197997220782266"
                ]
            ],
            [],
            [],
            [],
            []
        ]
    }
}