{
    "root": {
        "commands": [
            [],
            [],
            [],
            [],
            []
        ]
    },
    "70078783950_0.18764676049284001": {
        "condition": [],
        "commands": [
            [],
            [],
            [],
            [],
            []
        ]
    },
    "70079046332_0.7281758351440559": {
        "condition": [],
        "commands": [
            [],
            [],
            [],
            [],
            []
        ]
    },
    "70079143980_0.06394080481344577": {
        "condition": [],
        "commands": [
            [
                [
                    0,
                    1,
                    0,
                    [
                        0,
                        1,
                        1,
                        0
                    ],
                    0,
                    0,
                    [
                        0,
                        1,
                        1,
                        0
                    ],
                    1,
                    [
                        1,
                        1,
                        [
                            0,
                            0
                        ]
                    ],
                    0,
                    0,
                    [
                        1,
                        1
                    ],
                    "",
                    "",
                    true,
                    null,
                    null,
                    null,
                    null,
                    null,
                    null,
                    0,
                    0,
                    [
                        0,
                        {},
                        ""
                    ],
                    [
                        0,
                        {},
                        ""
                    ],
                    {
                        "___cmdID": "70602457315_0.2692095696963588"
                    }
                ],
                [
                    10007,
                    {
                        "70596799100_0.4435162055541828": 0,
                        "70596856697_0.803275923500026": 0,
                        "70596937518_0.025481430196292454": "devMode",
                        "70597551725_0.40793601839199956": 0,
                        "70597830348_0.7760140489798149": 1,
                        "70597899964_0.8869971399028833": 0
                    },
                    "70602482095_0.5293649793473751"
                ],
                [
                    1,
                    {
                        "___cmdID": "70602464862_0.2895714228158208"
                    }
                ],
                [
                    10007,
                    {
                        "70596799100_0.4435162055541828": 0,
                        "70596856697_0.803275923500026": 1,
                        "70596937518_0.025481430196292454": "devMode",
                        "70597551725_0.40793601839199956": 0,
                        "70597830348_0.7760140489798149": 1,
                        "70597899964_0.8869971399028833": 0
                    },
                    "70602490523_0.8660804674733424"
                ],
                [
                    2,
                    {
                        "___cmdID": "70602464862_0.5624752975881333"
                    }
                ]
            ],
            [],
            [],
            [],
            []
        ]
    },
    "70079316921_0.8243500558875787": {
        "condition": [],
        "commands": [
            [
                [
                    0,
                    1,
                    0,
                    [
                        0,
                        1,
                        1,
                        0
                    ],
                    0,
                    0,
                    [
                        0,
                        1,
                        1,
                        0
                    ],
                    1,
                    [
                        1,
                        1,
                        [
                            0,
                            0
                        ]
                    ],
                    0,
                    0,
                    [
                        1,
                        1
                    ],
                    "",
                    "",
                    true,
                    null,
                    null,
                    null,
                    null,
                    null,
                    null,
                    0,
                    0,
                    [
                        0,
                        {},
                        ""
                    ],
                    [
                        0,
                        {},
                        ""
                    ],
                    {
                        "___cmdID": "70602547515_0.48920969907940504"
                    }
                ],
                [
                    10007,
                    {
                        "70596799100_0.4435162055541828": 0,
                        "70596856697_0.803275923500026": 0,
                        "70596937518_0.025481430196292454": "devMode",
                        "70597551725_0.40793601839199956": 0,
                        "70597830348_0.7760140489798149": 1,
                        "70597899964_0.8869971399028833": 0
                    },
                    "70602547515_0.5392853791063501"
                ],
                [
                    1,
                    {
                        "___cmdID": "70602547515_0.5703889672731599"
                    }
                ],
                [
                    10007,
                    {
                        "70596799100_0.4435162055541828": 0,
                        "70596856697_0.803275923500026": 1,
                        "70596937518_0.025481430196292454": "devMode",
                        "70597551725_0.40793601839199956": 0,
                        "70597830348_0.7760140489798149": 1,
                        "70597899964_0.8869971399028833": 0
                    },
                    "70602547515_0.7391212295359215"
                ],
                [
                    2,
                    {
                        "___cmdID": "70602547515_0.3555527144039252"
                    }
                ]
            ],
            [],
            [],
            [],
            []
        ]
    },
    "70087431525_0.032625057026419935": {
        "condition": [],
        "commands": [
            [],
            [],
            [],
            [],
            []
        ]
    },
    "70316324505_0.6175477151512101": {
        "condition": [],
        "commands": [
            [
                [
                    0,
                    1,
                    0,
                    [
                        0,
                        1,
                        1,
                        0
                    ],
                    0,
                    0,
                    [
                        0,
                        1,
                        1,
                        0
                    ],
                    1,
                    [
                        1,
                        2,
                        [
                            0,
                            0
                        ]
                    ],
                    0,
                    0,
                    [
                        1,
                        1
                    ],