{
    "root": {
        "commands": [
            [],
            [],
            [],
            [],
            []
        ]
    },
    "70419773892_0.33221102359302557": {
        "condition": [],
        "commands": [
            [],
            [],
            [],
            [],
            []
        ]
    },
    "70419856458_0.9408789424094259": {
        "condition": [],
        "commands": [
            [],
            [],
            [],
            [],
            []
        ]
    },
    "70420696406_0.155941100362599": {
        "condition": [],
        "commands": [
            [
                [
                    10003,
                    null,
                    "70421674012_0.9404695546753021"
                ],
                [
                    20,
                    "移除所有猫咪",
                    "// 当前的事件触发器：trigger: CommandTrigger;\ncolidDetector.clearAll()\ncolidDetector = undefined",
                    "colidDetector.clearAll();\ncolidDetector = undefined;\n",
                    {
                        "___cmdID": "70584844995_0.5922155777337432"
                    }
                ],
                [
                    10006,
                    {
                        "70577619678_0.3415072005159576": 0
                    },
                    "70585148379_0.9718281577864702"
                ]
            ],
            [],
            [],
            [],
            []
        ]
    },
    "70420773510_0.40766423311348765": {
        "condition": [],
        "commands": [
            [
                [
                    10005,
                    {
                        "70420035763_0.5177036269479316": 4
                    },
                    "70421646432_0.9779146772624177"
                ],
                [
                    10006,
                    {
                        "70577619678_0.3415072005159576": 0
                    },
                    "70585153249_0.3019275064755673"
                ]
            ],
            [],
            [],
            [],
            []
        ]
    },
    "70421388241_0.8776467377111732": {
        "condition": [],
        "commands": [
            [],
            [],
            [],
            [],
            []
        ]
    }
}