{
    "root": {
        "commands": [
            [],
            [],
            [],
            [],
            [],
            []
        ]
    },
    "70579315846_0.6819064409932163": {
        "condition": [],
        "commands": [
            [],
            [],
            [],
            [],
            []
        ]
    },
    "70579315847_0.6426155974670247": {
        "condition": [],
        "commands": [
            [],
            [],
            [],
            [],
            []
        ]
    },
    "70579315847_0.25606468860939": {
        "condition": [],
        "commands": [
            [
                [
                    10005,
                    {
                        "70420035763_0.5177036269479316": 5
                    },
                    "70585033559_0.9162793236911371"
                ],
                [
                    10006,
                    {
                        "70577619678_0.3415072005159576": 0
                    },
                    "70585041049_0.7660262417784516"
                ]
            ],
            [],
            [],
            [],
            []
        ]
    },
    "70579315848_0.5562872360428934": {
        "condition": [],
        "commands": [
            [],
            [],
            [],
            [],
            []
        ]
    }
}