{
    "root": {
        "commands": [
            [],
            [],
            [],
            [],
            [],
            []
        ]
    },
    "71542467583_0.7660873265686976": {
        "condition": [],
        "commands": [
            [],
            [],
            [],
            [],
            [],
            []
        ]
    },
    "71542467583_0.44773377953444027": {
        "condition": [],
        "commands": [
            [],
            [],
            [],
            [],
            [],
            []
        ]
    },
    "71542467584_0.6972289108619061": {
        "condition": [],
        "commands": [
            [
                [
                    10008,
                    null,
                    "71543697172_0.9607847963985676"
                ],
                [
                    10006,
                    {
                        "70577619678_0.3415072005159576": 0
                    },
                    "70585148379_0.9718281577864702"
                ],
                [
                    10005,
                    {
                        "70420035763_0.5177036269479316": 6
                    },
                    "71544025956_0.8487298589885603"
                ]
            ],
            [],
            [],
            [],
            [],
            []
        ]
    },
    "71542467584_0.9562763503495528": {
        "condition": [],
        "commands": [
            [
                [
                    10003,
                    null,
                    "71543734953_0.49554141655208483"
                ],
                [
                    20,
                    "移除所有猫咪",
                    "// 当前的事件触发器：trigger: CommandTrigger;\ncolidDetector.clearAll()\ncolidDetector = undefined",
                    "colidDetector.clearAll();\ncolidDetector = undefined;\n",
                    {
                        "___cmdID": "71543734953_0.7239566026971578"
                    }
                ],
                [
                    10006,
                    {
                        "70577619678_0.3415072005159576": 0
                    },
                    "70585153249_0.3019275064755673"
                ]
            ],
            [],
            [],
            [],
            [],
            []
        ]
    },
    "71542467584_0.61792241642317": {
        "condition": [],
        "commands": [
            [],
            [],
            [],
            [],
            [],
            []
        ]
    },
    "72136887870_0.49454169808865567": {
        "condition": [],
        "commands": [
            [
                [
                    10003,
                    null,
                    "71543734953_0.49554141655208483"
                ],
                [
                    20,
                    "移除所有猫咪",
                    "// 当前的事件触发器：trigger: CommandTrigger;\ncolidDetector.clearAll()\ncolidDetector = undefined",
                    "colidDetector.clearAll();\ncolidDetector = undefined;\n",
                    {
                        "___cmdID": "71543734953_0.7239566026971578"
                    }
                ],
                [
                    10006,
                    {
                        "70577619678_0.3415072005159576": 0
                    },
                    "70585153249_0.3019275064755673"
                ],
                [
                    10004,
                    {
                        "70419974469_0.39627468900428653": 15001
                    },
                    "72136934774_0.3191866677146844"
                ]
            ],
            [],
            [],
            [],
            [],
            []
        ]
    }
}